block_height,elapsed_time
1,36m43.403810075s
2,3h12m4.089861756s
3,12h35m28.948345477s
4,2h20m53.939733683s
5,17h33m8.395689716s
